Deep Web;Eine Einführung ins Deep Web und Dark Web. Bereise das World Wide Web jenseits der Suchmaschinen.
Erstes Tapsen;Hier lernst du mit den Analyseergebnissen in den Listen umgehen.
Die Gesellschaft;Allgemeines über die Vergangenheit, Gegenwart und Zukunft von Privatsphäre.
Verschlüsselung;Um einige Dinge für sich zu behalten, führt an der Verschlüsselung nichts vorbei. Lerne spannende Aspekte dieses Bereiches kennen.
root & superuser;Android kann viel? Warte erst, bis du die volle Kontrolle über dein Betriebssystem hast!
Daily Lessions;Hier wird jeden Tag eine neue Lektion für dich freigeschaltet mit kurzen aber interessanten Inhalten.
Facebook;Kann man seine Privatsphäre als facebook-Nutzer noch retten?
Google;Google arbeitet seit jeher mit den Daten seiner Nutzer. Was bedeutet das für deren Privatsphäre und in welchem Ausmaß ist man selbst davon betroffen?
Passwörter;Ein Passwort reicht, solange es auch eine Zahl beinhaltet? So einfach ist das nicht, hier gibt's einen Crashkurs.
Berechtigungen;Android hat ein ausgeklügeltes System zum Zugriff auf die einzelnen Bereiche, welches von den Apps aber nicht immer so genutzt wird, wie man sich das als Nutzer wünschen würde...
Datenschutzgesetze;Grundlagen der deutschen Rechtslage, wenn es um deine Daten geht!
Messaging-Apps;Für die meisten ein tägliches Werkzeug der modernen Kommunikation. Doch was muss man beachten, wenn es um Datenschutz geht?