Erstes Tapsen;Einführung;0;1;5;0;text_Sicher hast du dich nach dem ersten Öffnen der App direkt gefragt: Was soll das hier eigentlich? Verständlich! Immerhin bist du mit einer langen Liste konfrontiert worden, mit der du nichts (zumindest nicht viel) anfangen konntest. Die Aufmerksamen unter euch werden auch die zweite lange Liste gefunden haben. Bringt aber auch nichts. Deswegen geht es jetzt darum, Licht ins Dunkle zu bringen!;text_Starten wir mit dem Grundkonzept unserer App. Wir wollen dich dazu bringen mal genauer hinzusehen, was dein Smartphone eigentlich so treibt. Wichtig ist hier zu wissen, dass wir zwischen Smartphone-Einstellungen und App-Berechtigungen unterscheiden.;text_Dazu haben wir uns überlegt, dass es doch schön wäre, wenn du nicht selbstständig auf die Suche nach irgendwelchen versteckten Einstellungen in Menus oder Berechtigungsabfragen ganz tief in Apps gehen musst, um herauszufinden, ob das was wir dir gerade erzählt haben auch für dich zutrifft.;text_Definition von Smartphone-Einstellungen:  Konfiguartionsmöglichkeiten des eigenen Gerätes. Hierzu zählen z.B. die Verbindungseinstellungen mit dem prominenten Gast „WLAN “, allerdings auch die Einstellungen zu Roaming und Nutzung mobiler Daten, die Geräteeinstellungen an sich, sowie „Persönliches“ oder „Nutzer“. Abgesehen von diesen Standard-Einstellungen findet man, abhängig von Android Version und Hersteller des Smartphones hier auch ab und an nützliche Zusatzeinstellungen.;text_Definition von Berechtigungs-Einstellungen:  Sie ploppen auf und werden meist ohne Nachzudenken bestätigt, die Berechtigungs-Einstellungen! Apps fordern Berechtigungen an, um auf Ressourcen des Smartphones zugreifen zu können (z.B. die Kamera). Prinzipiell ist dies sehr sinnvoll und sogar gut für uns, denn es gleicht einer Sicherheitsabfrage.;text_Viele Nutzer ignorieren sie jedoch gekonnt und so kommt es immer häufiger vor, dass Apps Berechtigungen für Ressourcen anfordern und erhalten, die sie eigentlich gar nicht brauchen.;text_Wir haben uns überlegt, dass es doch schön wäre, wenn du nicht selbstständig auf die Suche nach irgendwelchen versteckten Einstellungen in Menus oder Berechtigungsabfragen ganz tief in Apps gehen musst, um herauszufinden, ob das was wir dir gerade erzählt haben auch für dich zutrifft. Deswegen gibt es die kryptischen Listen. Wir reichen dir in dieser Lektion das Werkzeug, um das Geheimnis deiner Einstellungen zu knacken!;;;;;
Erstes Tapsen;Erhorchte Einstellungen;0;0;5;0;text_Nachdem du die Analyse durchgeführt hast, gelangst du direkt auf die Einstellungsliste. Indem du nach links wischst, wechselst du die Ansicht von der Einstellungs- zur Appliste. An den orangen Streifen oberhalb der Listen ist auch gut zu erkennen, wo du dich befindest.;text_Oben wirst du sicher schon den Namen der Liste erspäht haben. Darunter befinden sich die Einträge. Links steht immer der Name der Einstellung und rechts haben wir für dich abgefragt, wie der aktuelle Status der Einstellung an deinem Smartphone ist. Die häufigsten Einträge werden „On“ oder „Off“ sein.;text_Klickst du auf einen Listeneintrag öffnet sich ein neues Fenster, in dem die gewählte Einstellung noch einmal ausführlich beschrieben ist. Manche Einstellungen haben keine Beschreibung. Das liegt daran, dass uns keine Beschreibung dafür vorliegt. Zurück gelangst du einfach wieder über Back-Button unten rechts. In der Liste kannst du natürlich auch scrollen!;text_Wir werden dir nach und nach in verschiedenen Kursen erklären, welche Einstellungen unter welchen Umständen wie am besten sind.;text_Trotzdem ein paar Infos am Rande:  Bluetooth sollte ausgeschaltet sein. WLAN sollte sich nur mit bekannten und von dir verifizierten Netzten automatisch verbinden. Benutze ein Passwort! Am besten keinen Code zum Wischen, sondern ein nicht naheliegendes, komplex geschriebenes Passwort. Standorteinstellungen sollten auch überdacht werden. Übrigens: die meisten Tipps zur Sicherheit helfen auch dabei, dass dein Akku länger hält.;;;;;;;
Erstes Tapsen;Erschnüffelte Apps;0;0;5;0;text_Kommen wir nun zu der App-Liste. Um alle Informationen auf einen Blick zu erhalten, ist auch diese simpel gehalten. Aufgelistet sind hier alle Apps, die auf deinem Smartphone sind. Dazu zählen auch vorinstallierte Apps und natürlich Apps, die du aus dem Playstore geladen hast. Hier kommt eine ganze Menge an Apps zusammen.;text_Zum Lesen der Liste benötigst du kein Vorwissen. Ganz links siehst du das Icon der jeweiligen App, mittig steht der Name (oder auch die Bezeichnung). Die Smileys ganz rechts geben dir eine grobe Bewertung der App. Die Bewertung haben wir uns nicht aus den Fingern gezogen, sondern die Kategorisierung ist von Google übernommen. Google ordnet Berechtigungen in dangerous, normal, other ein. ;text_Das Schema wird in den Smileys widergespiegelt durch die Farben und den Ausdruck des Smileys. Konkret bedeutet das : dangerous = rot = traurig normal = orange = neutral other = grün = glücklich;text_Klickst du auf eine App, öffnet sich eine Übersicht. In der oberen farbigen Zeile findest du erneut Icon und Name der App. Zusätzlich steht rechts eine Zahl, welche aussagt, wie viele Berechtigungen die gewählte App benutzt. In der zweiten Zeile steht die Einstufung der App und darunter sind alle Berechtigungen gelistet. Die Berechtigungen können ebenfalls ausgewählt werden, wodurch du eine Erklärung der jeweiligen Berechtigung erhältst.;text_Ein ganz besonderes Gadget! Fällt dir auf, dass du einer App die Berechtigung entziehen willst, da sie diese wirklich nicht nutzen sollte, kannst du direkt über den Button „App Einstellungen“ in die Einstellungen der App gelangen, um diese zu ändern. Zurück gelangst du wie gehabt über den Back-Button.;text_Das waren viele Infos! Möchtest du irgendwann die Analyse noch einmal durchführen, oder auf deine vorherige Auswertung zugreifen, kommst du ganz einfach im Home Bildschirm über Einstellungen zurück.;text_Viel Spaß beim Entdecken von seltsamen Berechtigungen von Apps und Einstellungen, von denen du nie wusstest, dass es sie gibt!;;;;;
Deep Web;Deep, Dark, - Lost!;1;1;6;0;text_Eine Einführung ins Deep Web und Dark Net.;text_Allgemein lässt sich das World Wide Web (WWW) in zwei Bereiche einteilen: Surface Web und Deep Web.;text_Surface Web: Unter dem Surface Web versteht man diejenigen Inhalte und Webseiten, welche über Suchmaschinen wie z.B. Google, Bing, Yahoo oder DuckDuckGo gefunden werden können. ;text_Deep Web: Hierzu zählen alle nicht referenzierten Inhalte des World Wide Web. Wird z.B. über die Webseite einer Fluggesellschaft nach Flügen gesucht, so sind diese Ergebnisse nicht referenziert.;text_Die Flüge liegen in einer Datenbank der Fluggesellschaft und können über eine allgemeine Suchmaschine nicht gefunden werden. Sie zählen damit zum Deep Web. Im weiteren Sinne sind dies also Daten, die zwar online verfügbar, aber “vergraben” sind.;text_Dark Web: Das Dark Web ist ein Teil des Deep Web. Normalerweise verweisen Webseiten auf andere Seiten, welche wiederum auf weitere verweisen u.s.w.. Es gibt jedoch Webseiten, auf die keine Verweise existieren. Kennt man die genaue URL sind sie erreichbar, ansonsten bleiben sie verborgen. Dies gilt z.B. für unveröffentliche Bilder oder Blogeinträge, sowie Subdomain-Namen.;text_Ein weiteres Beispiel des Dark Web sind virtuelle private Netzwerke (VPNs). Das Internet ist ein Netzwerk bestehend aus Netzwerken, von denen einige privat sind. Um sich z.B. mit dem eigenen Firmennetzwerk von zuhause aus zu verbinden, sind spezielle Einstellungen oder Software nötig. Für normale Internetnutzer bleiben die Firmendaten verborgen.;text_TOR: Ein bekanntes VPN des Dark Web ist das Darknet Tor (früher: The onion routing). Oberstes Ziel des Tor-Netzes ist es, Verbindungsdaten anonym zu halten. In der Realität ist dies ein Magnet für illegale Tätigkeiten bishin zu Menschen-, Waffen-, und Drogenhandel.;text_Dennoch schafft Tor auch freien Internetzugang in stark zensierten Regionen oder anonyme Kommunikation. So war das Tor-Projekt 2011 Gewinner des Preises für gesellschaftlichen Nutzen der Free Software Foundation.;;;
Deep Web;Deep- und Darkweb Quiz;2;0;5;4;quiz4_3_Das Deep Web ist_Größer als das Surface Web_true_Das Gleiche wie das Darknet_false_Teil des World Wide Web_true_Ein abgegrenzter Bereich des Internets_false;quiz4_3_Typische Teile eines Deep Web sind z.B._Bibliothek-Datenbänke_true_Alle Inhalte, die man nicht über Verlinkungen erreichen kann_true_Webseiteninterne Suchergebnisse_true_Suchmaschinenergebnisse_false;quiz4_3_Legal ist…_Der Zugriff auf das Tor-Netzwerk_true_Alle Aktivitäten innerhalb des Tor-Netzwerkes_false_Einen Dienst im Tor-Netzwerk anzubieten_true_Sich den Client “Onion Proxy” herunterzuladen_true;quiz4_3_Das Tor-Netzwerk_Ist bekannt für Anonymität_true_Ist zu 100% anonym_false_Ist an dem Aufbau eines VPN angelehnt_true_Ist erschaffen worden, um anonym Torheiten begehen zu können_false;certificate_Bravo!-lb- Du hast bestanden. Das war garnicht so einfach!_Schade. Du hast leider nicht bestanden. Aber wenn du fleißig lernst, klappt es sicher beim nächsten mal!_12;;;;;;;
Deep Web;F1t fuers D4rkN3t;720000;0;5;2;text_Bist du bereit, im Dark-Net zu surfen? Beantworte folgende Fragen richtig und stelle dein Wissen unter Beweis!;question_Nach möglichen Seiten im Tor-Netzwerk zu suchen (z.B. im HiddenWiki) ist..._legal!_scoreAdd_1_illegal!_scorAdd_0;question_Zu lesen, ob Leute suizid begehen wollen, über Drogengeschichten erzählen oder wie man eine Waffe baut ist..._legal!_scoreAdd_1_illegal!_scoreAdd_0;question_Sich Drogen wie Marijuana oder Koks bei jemandem zu bestellen ist..._legal!_scoreAdd_0_illegal!_scoreAdd_1;question_Sich einen Account in einem Forum zu machen ist..._legal!_scoreAdd_1_illegal!_scoreAdd_0;question_Tier-, Kinder- oder Gewaltpornos anzusehen ist..._legal!_scoreAdd_0_illegal!_scoreAdd_1;question_Einen Hitman zu engagieren ist..._legal!_scoreAdd_0_illegal!_scoreAdd_1;question_Anonyme Foren zu besuchen und dort zu schreiben ist..._legal!_scoreAdd_1_illegal!_scoreAdd_0;question_Rainbowtables (Passwortdatenbanken) herunterzuladen ist..._legal!_scoreAdd_1_illegal!_scoreAdd_0 ;question_Kopiergeschützte Dateien auszutauschen oder herunterzuladen ist..._legal!_scoreAdd_0_illegal!_scoreAdd_1;question_Waffen oder Sprengstoffzutaten bestellen ist..._legal!_scoreAdd__illegal!_scoreAdd_1;certificate_Super, mit etwas Menschenverstand sollte dir nichts passieren!_Naja, wenn du diese Fragen noch nicht beantwortet hast, dann bleibe lieber im Clearweb!_10;;;
Passwörter;Warum brauchen wir Passwörter?;0;1;3;0;text_Wir alle benutzen Passwörter. Ob es für unsere Accounts auf den Social Media-Plattformen wie Facebook, Instagram, Snapchat und Twitter oder für das Smartphone, den Jugendschutz am Fernseher, die E-Mail-Adresse oder die SIM-Karte ist, überall benutzen wir sie in verschiedenen Formen. Doch was genau ist überhaupt ein Passwort?;webImage_http://www.hilfe-im-netz.com/wp-content/uploads/2013/09/gmx-passwort-vergessen.jpg;text_Ein Passwort ist eine Zeichenfolge, die zur Authentifizierung dient. Authentifizierung heißt in diesem Kontext, dass die Person sich mit dem Passwort ausweist und damit ihre Identität bestätigt. Doch Passwörter gibt es nicht erst seit dem technologischen Zeitalter. Schon lange wird im Militär die Parole benutzt. Sie war ursprünglich ein Wort das zur Erkennung und zur Unterscheidung von Freund und Feind diente. Die Parole ist damit auch eine Art der Authentifizierung.;text_Passwörter dienen also dazu unsere Daten, oder allgemeiner Inhalte, vor Personen zu schützen, die nicht dazu berechtigt sind sie zu sehen. Doch was kann passieren, wenn man schlechte Passwörter nutzt oder gar das standardmäßige Passwort nicht verändert? Welche konkreten Gefahren gehen daraus hervor?;text_Sobald irgendwelche Informationen über dich online vorliegen, kann es zum Identitätsdiebstahl kommen. Das kann z.B. bedeuten, dass ein Angreifer ein Online-Profil von dir anlegt und sich als du ausgibt. Eine besondere Form des Identitätsdiebstahls ist die Identitätsübernahme. Diese kann entstehen, wenn man kein sicheres Passwort wählt und bedeutet, dass sich jemand anderes in dein/e Online-Profil/e wie Facebook, Paypal oder dein E-Mail-Account einloggen kann. Dort kann er nicht nur deine hinterlegten Profildaten wie Bankverbindungen oder Kreditkartendaten missbrauchen, sondern auch deine Freunde um Geld oder andere Hilfe bitten. Umso mehr Daten über dich dem Angreifer zur Verfügung stehen, umso glaubhafter kann er auch vermitteln, dass er du ist.;;;;;;;
Passwörter;Was ist ein sicheres Passwort?;3600000;0;5;0;webImage_http://www.puravidamultimedia.com/wp-content/uploads/2014/04/funny-password-meme-6.jpg;text_Warum es nicht sinnvoll ist, überall dasselbe Passwort zu nutzen und was genau ein gutes Passwort ausmacht, werden wir in dieser Lektion betrachten. Eine Liste der häufigsten Passwörter im Jahr 2015:123456, password, 12345678, qwerty, 12345, 123456789, football, 1234, 1234567, baseball;text_Diese Passwörter sind nicht nur schlecht, weil sie so häufig vorkommen, sondern auch, weil sie alle sehr primitiv sind. Hier ein paar Regeln für gute Passwörter:
1. keine kurzen Passwörter mit weniger als 8 Stellen-lb-
2. nicht mehrfach verwenden-lb-
3. keine persönlichen Daten wie Username, Geburtstag,…-lb-
4. keine einfachen Wörter aus Wörterbüchern? evtl. Neologismen verwenden-lb-
5. keine einfachen Transformationen wie passw0rd;text_Doch wie soll man sich so viele Passwörter merken, wenn man wirklich bei jedem Account ein anderes verwenden soll? Hier kann ein Passwortmanager hilfreich sein. Dieser kann nicht nur die Anmeldedaten speichern, sondern sie auch verschlüsseln. Natürlich ist hierbei Vorsicht geboten, da man im Passwortmanager sehr heikle Daten speichert. Man sollte sich also ausreichend informieren, bevor man sich entscheidet. Ansonsten gibt es natürlich die Methode, alle Passwörter auf einen Zettel aufzuschreiben und diesen an einem sicheren Ort aufzubewahren.;text_Warum die Regeln von oben hilfreich sind, wird vor allem deutlich, wenn man versteht wie Passwörter geknackt werden. Darüber kann man mehr im Kurs “Passwörter knacken” erfahren.;;;;;;;
Passwörter;Passwörter knacken;3600000;0;5;0;text_Häufig werden Passwörter durch sogenannte Brute-Force-Angriffe gehackt. Das bedeutet eigentlich einfach nur, dass so lange Passwörter ausprobiert werden, bis eins stimmt.
Dabei gibt es verschiedene Vorgehensweisen und um sie zu verstehen solltest du wissen, was der Passwortraum ist: Dieser gibt an wie viele Möglichkeiten es gibt es Passwort zu bilden, wenn man ein bestimmter Zeichenraum zur Verfügung hat (z.B. A-Z, a-z, 0-9 und Sonderzeichen) und eine Passwortlänge (z.B. 6-10 Zeichen). 
Diese Bestimmungen von Zeichenraum und Passwortlänge unterscheiden sich von Portal zu Portal und werden als Passwort-Policies bezeichnet.;text_Bei einem Brute-Force-Angriff kann mit verschiedenen Systematik vorgegangen werden. Einerseits kann der Angreifer alle möglichen Passwörter von kurz nach lang ausprobieren. Andererseits kann er aber auch Passwörter, die häufig vorkommen (s.o.) oder Wörter aus dem allgemeinen Sprachgebrauch bevorzugen. Auch persönliche Informationen im Passwort wie Geburtsjahr oder Name des Haustiers etc. können es dem Angreifer erleichtern das Passwort durch Ausprobieren zu bekommen.;webImage_http://www.wordstream.com//images/difficult-captcha.jpg;text_Ein Schutz vor solchen Brute-Force-Angriffen sollen bspw. CAPTHAs (Completely Automated Public Turing test to Tell Computers and Humans Apart) bieten.
Diese sollen unterscheiden, ob ein Mensch gerade das Passwort eingibt oder automatisch von einem Computer eingegeben wird wie z.B. bei einem Brute-Force-Angriff. Allerdings ist die Sicherheit der CAPTCHAs anzuzweifeln, da es billige Online-Services gibt, um diese zu lösen. 
;text_Um zu sehen wie groß der Einfluss von Passwortlänge und Zeichenraum auf die maximale Dauer eines Brute-Force-Angriffs ist, schauen wir uns ein paar Zahlen an.
Nach der angegeben Zeit ist spätestens das Passwort geknackt, wenn der Rechner 1 Milliarde Passwörter pro Sekunde ausprobiert, was entspricht ungefähr der Leistung eines modernen Standard-PCs mit leistungsfähiger Grafikkarte. Bei einem Passwortraum von 96, was (A-Z,a-z,0-9, Sonderzeichen) bedeutet, dauert es bei 5 Zeichen Passwortlänge gerade mal 8 Sekunden MAXIMAL um das Passwort zu knacken. Bei 6 Zeichen dauert es schon 13 Minuten. Bei 8 Zeichen länge 84 Tage. Bei einer Passwortlänge von 10 dauert es 2108 Jahre maximal, um es zu knacken und bei 12 Zeichen länge dauert es bis zu 19 Mio. Jahren.;;;;;;
Passwörter;Quiz;7200000;0;5;4;quiz4_1_Was ist das vermutlich sicherste Passwort?_h3ut3!_false_Fussball_false_IloveKevin_false_Har4np?bw_true;quiz4_1_Ein Passwort dient zur…_Autorisation_false_Ambiguität_false_Authentifizierung_true_Autarkie_false
;quiz4_1_Was gehört NICHT zu den Regeln für ein sicheres Passwort?_keine kurzen Passwörter mit weniger als 8 Stellen_false_keine persönlichen Daten wie Username, Geburtstag,…_false_nicht mehrfach verwenden_false_keine Zeichen doppelt verwenden_true;quiz4_1_Wie groß ist der folgende Passwortraum: (a-z, A-Z)_84_false_107_false_52_true_30_false;quiz4_1_Für was steht die Abkürzung CAPTCHA?_Common Assign Private To Chiffre Habilitate Action_false_Completely Automated Public Turing test to Tell Computers and Humans Apart_true_Coding Ability Personal Turn Cheating Alignment_false_Cabbage Asparagus Parsley Truffels Cauliflower Huckleberry Arrugula_false;certificate_Super gemacht! Jetzt hast du einiges über Passwörter gelernt. Vielleicht überdenkst du ja das ein oder andere Passwort, was du benutzt._Oh, da ist wohl etwas schief gegagen. Versuch es doch später noch einmal._8;;;;;;
Facebook;Facebook und Privatsphäre?;0;1;3;0;text_Die Frage hast du dir sicher schonmal gestellt. Was hat facebook mit meiner Privatsphäre zu tun, betrifft mich das überhaupt und wenn ja wo?;webImage_http://de.toonpool.com/user/65/files/datenschutz_2076665.jpg;text_Ein wichtiger Punkt, der zeigt, wie sehr facebook über seine Nutzer bescheid weiß, ist die Zielgruppenorientierte Werbung. Wenn plötzlich rechts unauffällig beim scrollen durch die Timeline die perfekte neue Winterjacke erscheint, dann nehmen wir das gerne hin. Aber wie kommt facebook darauf, genau diese Jacke jetzt anzuzeigen? Hier ein paar Beispiele, was facebook wirklich alles über uns weiß, teilweise noch bevor wir es wissen.;text_Was facebook wirklich über uns weiß (ein Auszug)
Daten, die wir selbst preisgeben, z.B. im eigenen Profil:
Ort, Alter, Geschlecht, Sprache, Bildungsniveau, Ausbildungsbereich, Schule
Daten, die wir eher nicht preisgeben würden:
Einkommen und Eigenkapital
Hausbesitz und -Typ, sowie Wert und Größe
werdende Eltern
Ob wir von Freunden und Familie entfernt sind
Ob wir planen ein Auto zu kaufen
Alter des Autos des Nutzers
Kosten für das neue Auto
Ob wir für wohltätige Zwecke gespendet haben
Anzahl der Kredite
Kreditkarten und Häufigkeit der Nutzung
Welche Art von Urlaub wir buchen
Ob wir demnächst umziehen
Das ist nur ein Auszug, aller Daten die facebook über uns sammelt und kennt!;text_Diese und noch weitere Daten werden dazu genutzt, Personen Gruppen zuzuordnen und für diese Gruppen Profile anzulegen. Die Gruppierung dient hauptsächlich Werbezwecken.;text_Noch ein paar allgemeine Infos über facebook gefällig?
facebook hat 1,71 Milliarden Nutzer und ca 1,31 Milliarden sind täglich online
facebook ist die am zweithäufigsten besuchte Website
Alle 60 Sekunden werden…
… ca. 250.000 Bilder hochgeladen
… 100.000 Freundschaftsanfragen gestellt
…. ca. 3.000.000 Updates geteilt;text_Woher facebook all diese Daten hat oder sich selbst generiert, erfährst du in diesem Kurs!;;;;;
Facebook;Wichtige Privatsphäre Einstellungen auf facebook;3600000;0;5;0;text_Hast du dich schon einmal mit den Privatsphäre Einstellungen auf facebook beschäftigt? Nein? Da bist du sicher nicht alleine! Kaum ein Nutzer ändert die Standardeinstellungen. Warum, und was diese Einstellungen überhaupt bedeuten, erfährst du in dieser Lektion.;text_Schauen wir uns einmal die Standardeinstellungen an. Überleg dir gerne auch schon einmal, was du denkst, dass die Einstellungen bedeuten und bewirken. Folgende Themen sind in den Einstellungen zu finden:;text_Allgemeine Kontoeinstellungen
Sicherheitseinstellungen
Privatsphäre-Einstellungen und Tools
Chronik und Markierungen
Blockieren
Sprache
Benachrichtigungen, Handy und öffentliche Einstellungen
Einstellungen zu Werbung, Apps und Zahlungsmethoden
;text_ Wer kann meine Inhalte sehen?
Inhalte, das sind alle Beiträge, die du so während der Nutzung von Facebook postest. Dazu gehören schriftliche Beiträge, Emotionen, Videos, Bilder, die von dir selbst hochgeladen wurden oder die du teilst.
Da dies alles Informationen sind, die du freiwillig teilst ist der Personenkreis, der diese Informationen konsumieren kann, mit “Freuden” sicher gut gewählt.
Tipp: Vor jedem Post kannst du direkt entscheiden, für wen die Inhalte sichtbar sein sollen. Achte dazu auf die angezeigte Zielgruppe. Das kannst du auch nachträglich entscheiden!;text_Wer kann mich kontaktieren?
Auch eine interessante Frage ist, wer mich auf facebook überhaupt finden kann. Möchte ich, dass mein Name für jemanden, der vielleicht viele gemeinsame Freunde mit mir hat und der nach jemandem mit den gleichen Vornamen sucht, direkt anzeigt wird? Möchte ich für potentielle Arbeitgeber schnell auffindbar sein? 
;text_ Wahrscheinlich möchte ich lieber selbst entscheiden, wer mich findet. Es ist sogar möglich mit der eigenen E-Mail Adresse oder Handynummer auf facebook gefunden zu werden. Umso wichtiger, diese Einstellung einzuschränken und auf “Freunde” zu setzen.;text_Chronik und Markierungseinstellungen
Zu Allerletzt lohnt es sich einen kurzen Blick auf die Chronik und Markierungseinstellungen zu werfen. Diese stehen nämlich potentiell auf “alle”. Somit ist es jedem möglich, Markierungen für dich zu setzen oder einfach deine gesamte Chronik mit allen Inhalten, die du jemals geteilt hast zu sehen, ohne dich überhaupt zu kennen. Ein wichtiger Punkt, um nach zu haken!;text_Der blaue Privatsphäre-Dino
Facebook hat sein ungefähr zwei Jahren seine Einstellung zu der Privatsphäre seiner Nutzer geändert. Wenige kennen sie, noch weniger nutzen sie, aber vorbei Schauen lohnt sich! Mit dem Privatsphäre-Check führt facebook seine Nutzer schnell, unkompliziert und effizient durch alle wichtigen Einstellungen und gibt sogar die Möglichkeit diese direkt aus der Tour zu ändern. Dafür einfach in der Desktop-Version oben rechts das Schloss anklicken und den Privatsphäre-Check starten!;;;;
Facebook;Werbeanzeigen;3600000;0;5;0;text_Werbung, Werbung, Werbung. Beim surfen geben wir unendlich viele Daten von uns preis. Auch facebook sammelt viele Daten über uns. Manches erscheint echt unheimlich. Erfahre in dieser Lektion, wie du beeinflussen kannst, welche Werbung basierend auf deinen facebook Daten generiert und weitergegeben wird.;text_Erstmal: Die Werbung wird basierend auf deinen facebook-Aktivitäten generiert. Dazu zählen also auch Likes, Emotions, Verweildauer auf Videos und anderen Beiträgen etc. Slide: Wenn du das nicht möchtest, kannst du dies in deinen Werbeanzeigen-Einstellungen ändern. Diese findest du unter der Einstellungsseite im unteren Block unter “Werbeanzeigen”. Der letzte Reiter hier nennt sich “Werbeanzeigen basierend auf meinen Einstellungen” und führt zum Kern der Sache.
;text_Werbeanzeigen basierend auf meinen Einstellungen-lb-Klickst du hier, erhältst du eine Übersicht über alle Informationen, die von facebook dazu genutzt werden, passende Werbung für dich zu generieren. Hier finden sich viele Informationen über dich. Vielleicht sogar solche, die du nicht mal selbst mit dir in Verbindung gebracht hättest. Es lohnt sich auf jeden Fall, einmal darin zu stöbern und aufzuräumen.;text_Auch interessant: Werbetreibende mit deinen Kontaktinfos. Da stellt man sich doch die Frage, woher weiß facebook welche anderen Unternehmen meine Daten haben? Ganz einfach: von den Unternehmen selbst. Um für dich sinnvolle Werbung zu schalten geben die Unternehmen deine Daten (z.B. Telefonnummer, E-Mail Adresse) an facebook weiter, um so eine Schnittmenge zu ihren Angeboten zu generieren.
;text_Andere Werbetreibende nutzen facebook-Technologien um zu tracken, ob du auf facebook bist, um dann zielgruppengerechte Werbung für sich zu schalten. Das kann schon passieren, wenn du nur eine App des Unternehmens installierst. Ein gutes Beispiel ist BILD.de. Da liest man einmal einen Artikel und schon erscheinen ähnliche Artikel in der facebook Werbung. Da BILD einen sogenannten facebook-Pixel verwendet, um die Verknüpfung ihrer Website mit facebook herzustellen. So schnell kann es gehen, dabei liest man sonst doch gar keine Artikel der BILD!;text_Welche Informationen werden sonst noch zur Generierung von Werbung genutzt?
Ganz vorne stehen natürlich Seiten, die du mit “Gefällt mir” markiert hast. Aber auch vorgeschlagene Seiten, die deine Freunde nutzten. Alle Informationen von deinem facebook-Profil, aber auch aus Instagram (vielleicht demnächst auch aus Whatsapp, wer weiß…).;text_ Und ein wichtiger Punkt, der nicht vergessen werden darf: der Standort. Nicht nur den, den du freiwillig gepostet hast, um deinen Freunden mitzuteilen “Hey, ich bin gerade hier!”. Nein, auch wann und wo du dein Smartphone genutzt hast oder du dich nur ins Internet eingewählt hast. Hier ist es auf jeden Fall die Klicks wert, einmal auf dem Smartphone nach den GPS- und Ortungsdiensten zu sehen und welche Informationen facebook dort abgreifen darf.;;;;;
Facebook;Tipps und Tricks;3600000;0;5;0;text_Wie wir gesehen haben haben, ist facebook wirklich eine Datenkrake! Nun wollen wir kurz zusammenfassen, worauf es sich lohnt zu achten um gegebenenfalls ab und an aktiv zu werden. Zur Verbesserung des eigenen Datenschutzes!
;text_facebook ändert häufig in der Weiterentwicklung darauf verzichtet, seine Nutzer darauf hinzuweisen oder eine Einwilligung abzuholen, dass sie die Voreinstellungen geändert haben.
Die neuen Features tragen meinst den Radius “Öffentlich”, damit möglichst viele Nutzer viele Informationen sehen. Es ist demnach ratsam, sich aktiv darüber zu informieren, welche Dienste facebook freischaltet und welchen Änderungen dies mit sich trägt.
Also: Privatsphären-CheckUp durchführen!;text_facebook greift häufig auf Standorte seiner Nutzer zurück. Überprüfe die Einstellungen deiner Ortungs- oder GPS-Dienste.;text_Zielgruppengerechte Werbung und Informationen, die außerhalb von facebook von Unternehmen über mich gesammelt werden? Nehme die Werbeanzeigen-Einstellungen genauer unter die Lupe!;;;;;;;;
Facebook;Quiz;7200000;0;5;4;quiz4_1_Wie gelangt man zu den Privatsphäre-Einstellungen?_Links in der Leiste mit allen Apps und Diensten_false_Oben rechts auf dem kleinen Schloss_true_facebook hat keine Privatsphäre-Einstellungen_false_Auf der Startseite werden sie direkt angezeigt_false;quiz4_2_Wo kann man einstellen, wer meine Beiträge sehen kann?_Gar nicht, Posts sind immer öffentlich_false_In den Privatsphäre-Einstellungen_true_Beiträge können immer nur meine Freunde sehen_false_Vor jedem Post kann man selbst entscheiden, welche Zielgruppe die Inhalte sehen darf_true;quiz4_ 3_facebook verwendet immer die bestmöglichen Voreinstellungen für seine Nutzer._Ja, die Voreinstellungen sind unbedenklich_false_Bei manchen Einstellungen lohnt es sich, über die bestmögliche Einstellung für sich persönlich nachzudenken._true_Nein, häufig wählt facebook “Öffentlich” für Einstellungen._true_facebook ändert häufig die Einstellungen, ohne Nutzer darauf hinzuweisen.Ein Besuch der Einstellungen lohnt sich auch dann, wenn man schon die persönlichen Präferenzen gewählt hat._true;quiz4_3_Welche Informationen hat facebook über mich (auch wenn ich sie nicht explizit preisgegeben habe)?_mein heutiges Mittagessen._false_
Die Marke meines Autos._true_Welche Kreditkarten ich nutze._true_Beziehungsstatus_true;quiz4_2_Werbeanzeigen…_...werden dazu genutzt personalisierte Werbung zu schalten_true_...nutzt nur facebook_false_...können auch externe Anbieter auf facebook schalten_true_...sind unbedenklich_false;certificate_Sehr gut! Jetzt hast du einiges über facebook gelernt. Wir hoffen, du bleibst dran und schaust auch weiterhin ab und zu mal bei deinen Einstellungen vorbei._Ups, schau lieber nochmal genau nach und versuch es später noch einmal._8;;;;;;
Google;Let me google it...;0;1;3;0;text_Wo ist der nächste Zahnarzt? Wie kann ich meinen Fahrradreifen reparieren? Wo ist ein bestimmtes Produkt gerade am günstigsten?;text_Das und noch viel mehr sind Fragen, die wir heutzutage am ehesten einem Stellen: Google.
Aber hast du schon einmal darüber nachgedacht, was passiert nachdem du gegoogelt hast? Bleiben meine Suchanfragen erhalten? Was weiß Google danach über mich? Damit wollen wir uns hier beschäftigen.
;text_Google stellt ein Tool bereit, mit dem man seine Privatsphäre überprüfen kann. Das schauen wir uns in der Lektion “Privatsphärecheck” genauer an.;text_Außerdem gibt es eine Vielzahl an Diensten von Google, die wir wie selbstverständlich nutzen. Allerdings sind auch diese Dienste enorme Datenfresser, genau wie Googles Kernkompetenz: Die Suche. Auch das betrachten wir genauer.;;;;;;;
Google;PrivatsphäreCheck;3600000;0;5;0;text_ Wenn du ein Konto bei Google hast, dann hat Google Informationen über dich. Soweit so gut, aber welche Informationen? Am einfachsten findest du das heraus, indem du das Tool “PrivatsphäreCheck” von Google direkt mal ausprobierst.;text_Du findest es, indem du als eingeloggter User oben rechts auf dein Bild klickst und “Datenschutz” auswählst. Das bringt dich direkt zu den Datenschutzbestimmungen, wir klicken aber munter weiter zu “mein Konto” oben rechts und finden dann mittig unter Persönliche Daten und Privatsphäre den PrivatsphäreCheck.;text_Was macht das Tool? Googles Beschreibung ist die Folgende: “Überprüfen und aktualisieren Sie, welche Daten Google verwendet, um Ihre Nutzererfahrung zu personalisieren. Passen Sie an, welche Informationen Sie mit Freunden teilen oder veröffentlichen möchten.”;text_Google führt dich nun durch verschiedene Punkte in deinen Einstellungen (ähnlich wie facebook, falls du diesen Kurs schon bearbeitet hast). Relevant sind unter anderem: App & Webaktivitäten, YouTube Suchverlauf, Standortverlauf, Sprach & Audioaktivitäten, sowie Geräteinformationen von deinen genutzten Geräten.;text_Der dritte und leider auch schon letzte Punkt beschäftigt sich mit relevanten Werbeanzeigen für dich. Genaue Informationen kann man hieraus jedoch auch nicht ziehen. Es lohnt sich, über “Einstellungen für Werbung verwalten” auch mal die Themen anzuschauen, die Google für dich relevant hält, und woher diese Daten kommen.;text_Hast du zum Beispiel nie bei Google dein Geschlecht und dein Alter angegeben? Und dennoch kann Google klassifizieren, ob du männlich oder weiblich bist und eine Altersspanne für dich angeben.;;;;;;
Google;Google Dienste;3600000;0;5;0;text_Google Dienste, das sind zum Beispiel Maps mit Standortbestimmung, die Google Suche, die aufgerufenen Seiten einer Suche oder deine Aktivität im PlayStore vom Smartphone aus.;text_Sofern du die Standortbestimmungen nicht deaktiviert hast, speichert Google alle deine Wege und Aufenthaltsorte. Daraus bestimmt Google mögliche nächste Wege oder interessante Orte für dich. Um es einmal ganz anschaulich zu machen: Du kannst diese Daten herunterladen und das sogar schon graphisch ausgewertet. Stell dir eine Weltkarte vor, auf der alle Orte markiert sind, an denen Google dich getrackt hat. Unglaublich!;text_Es ist wirklich erstaunlich, wie viel Google mit seinen Nutzern teilt, man muss nur auf die Suche danach gehen.
Slide: Auch der PlayStore speichert viele Daten, denn hier generierst du auch sehr viele relevante Daten. Installierte Apps, gesuchte Apps etc. geben schon viele Informationen über dich preis.;text_Apps, die im PlayStore landen sind auch nicht immer unbedenklich. Auch viele Apps sammeln Daten über dich (schau doch mal in der App-Übersicht unserer Analyse vorbei).
Aber: Abhilfe wurde geschaffen. Und zwar in Form von alternativen App Stores. Ein Beispiel ist F-Droid.;text_F-Droid ist ein Store für Android Apps. Das Konzept ist “Free and Open-Source”, was bedeutet, die Nutzung des Stores ist kostenlos und durch das Open-Source konzept auch sehr transparent und nutzerfreundlich.;text_Apps, die auf F-Droid veröffentlicht werden, müssen zwei Kriterien erfüllen, die genau dem Konzept entsprechen. Alle Apps sind Open-Source (Programmcode frei zugänglich) und kostenlos. Außerdem werden alle Apps auf Datenschutz und Sicherheit geprüft, bevor sie in den Store aufgenommen werden.;text_Ein weiterer Vorteil: Nutzer müssen kein Konto anlegen, um Apps downloaden zu können. Apps, die zwar den Richtlinien von F-Droid entsprechen, aber dennoch Daten von Nutzern erheben, werden markiert. Ein Blick auf den alternativen Store lohnt sich in jedem Fall!;;;;;
Google;Daten, die Google sammelt;3600000;0;5;0;text_Google sammelt nicht einfach nur Daten über dich. Google kombiniert diese geschickt und erstellt hiermit detaillierte Profile. Warum Nutzerprofile kritisch sein können, erfährst du in einem anderen Kurs. Hier erfährst du, wie Google Daten über dich sammelt.
;text_Die Nutzungsbedingungen von Google akzeptierst du nicht nur erst, sobald du ein Google Konto hast. Auch schon, wenn du etwas einfach nur “googelst” erklärst du dich damit einverstanden, Google Daten über dich preis zu geben.;text_Standardmäßig hast du ein Google Konto, wenn du ein Android Smartphone hast. Zum Beispiel um Apps aus dem PlayStore zu laden. Oder aber auch, wenn du eine E-Mail Adresse, bspw. mit gmail.com als Ende. Oder du nutzt Google Drive um an einem Projekt zu arbeiten. Ein Google Konto ist für viele Nutzer aus dem Alltag kaum noch weg zu denken.
;quiz4_3_Google hat viele große Datenquellen. Was meinst du, welche gehören dazu?_Persönliche Daten_true_Apps und Anwendungen, die ich nutze_false_Deine Aktivitäten_true_Von dir erstellte Inhalte (Kontakte, Termine…)_true;text_Das kommt dir so vor als wären es alle Daten die man nur sammeln kann? Stimmt auch irgendwie!;text_Persönliche Daten und Aktivitäten, sind von dir selbst erstellte Daten. Name, E-Mail Adresse, Telefonnummer und als Android-Nutzer sogar eine Kreditkartennummer. Aber auch Termine, Mails, Notizen, Sprachbefehle und eingetippte Suchanfragen, alles Daten die du selbst generierst und die Google speichert.;text_Google erfasst aber auch Daten ohne dein Zutun. Hier eine kleine Liste:-lb-das verwendete Betriebssystem-lb-Gerätetyp-lb-Bildschirmgröße-lb-IP Adresse-lb-Telefonnummer über die SIM Karte;text_Mit den letzten beiden kann Google dauerhaft identifizieren um welches Gerät es sich handelt und somit alle gesammelten Daten zusammenführen.;text_Besonders heikle Informationen auf deinem Smartphone sind jegliche Telekommunikationsmetadaten. Dazu zählen die eigene Telefonnummer, die Anrufernummer, Weiterleitungsnummern, Datum und Uhrzeit von Anrufen, Dauer von Anrufen, SMS-Routing-Informationen und Art der Anrufe (entnommen aus der Datenschutzerklärung).;text_Alles in Allem kann jeder Nutzer selbst festlegen, welche Daten Google speichern darf. Es ist möglich, alle Daten einzusehen,zu löschen und deren Erhebung zu unterbinden. Was das “unterbinden” jedoch letztendlich bewirkt, lässt Google offen...;;;;
Google;Quiz;7200000;0;5;4;quiz4_3_ Was kann/ist Google?_Suchmaschine_true_Mail Provider_true_Smartphone Hersteller_true_Telefonanbieter_false;quiz4_3_Welche Daten kennt Google?_Gewicht_false_Name_true_Kontakte auf dem Smartphone_true_Beziehungsstatus_true
;quiz4_2_Der PrivatsphäreCheck…_...macht alle meine Daten sicher_false_...führt Nutzer durch einen kleinen Teil an relevanten Einstellungen_true_...erklärt mir ausführlich Werbeanzeigen_false_...bringt nur in Verbindung mit weiterführender Recherche wirklich etwas_true
;quiz4_3_Apps und der PlayStore von Google..._...benötigen häufig viele Permissions und erheben viele Daten_true_...sind meist unbedenklich_false_...können oft auch in F-Droid als datenschutzfreundlichere Alternative gefunden werden_true_vereinfachen vieles auf dem Smartphone_true
;quiz4_1_Wie häufig wird der Standort eines Android Users von vielen populären Apps abgefragt?_Alle vier Minuten_true_Alle 20 Minuten_false_Nur, wenn der Standort benötigt wird_false_Nur, wenn der Nutzer aktiv zustimmt_false;;;;;;;
Berechtigungen;Better ask for Permission!;0;1;1;0;text_App-Berechtigungen - Nach welchem Prinzip funktionieren sie?-lb--lb-
Wenn sich ein Nutzer eine App herunterlädt, wird er meist aufgefordert der App bestimmte Berechtigungen (Permissions) zu erteilen. Eine App sollte eigentlich nur auf für ihren Zweck nötige Ressourcen zugreifen können. Beim Durchlesen der Permissions stellt man jedoch häufig fest, dass viele davon für die eigentliche Funktionalität einer App gar nicht nötig sind.
Dementsprechend stellen sich mehrere Fragen:-lb--lb-
1. Wie funktionieren Berechtigungen?-lb-
2. Was passiert mit den zusätzlich erhobenen Daten?-lb-
3. Wie kann man Berechtigungen einschränken, ohne an Funktionalität einzubüßen? (Eine App für die Navigation wird nunmal oft den Standort benötigen);-lb-
text_Bei Android-Systemen werden Berechtigungen in „Gruppen“ eingefordert, wobei jeder Gruppe mehrere Berechtigungen zugeordnet sind. Stimmt man der Berechtigungs-Gruppe „SMS-Nachrichten“ zu, so erlaubt man einer App zwei Dinge, nämlich sowohl das Lesen als auch das Schreiben von SMS. Auf der folgenden Seite siehst du eine Auflistungen dieser Berechtigungs-Gruppen bzw. Kategorien.-lb-
;text_Berechtigungs-Gruppen:-lb--lb-
In-App-Käufe-lb-
Geräte- und App-Verkauf-lb-
Einstellungen für Mobilfunkdaten-lb-
Identität-lb-
Kontakte-lb-
Kalender-lb-
Standort-lb-
SMS-Nachrichten-lb-
Telefon-lb-
Fotos/Medien/Dateien-lb-
Kamera-lb-
WLAN-Verbindungsinformationen-lb-
Informationen zur Bluetooth-Verbindung-lb-
Wearable-Sensorendaten/ -Aktivitätsdaten-lb-
Geräte-ID und Anruferinformationen-lb-
Sonstiges-lb-
-lb-
Eine Erklärung einzelner Kategorien findest du zum Beispiel in folgendem Artikel:-lb-
https://www.netzwelt.de/news/150834-android-app-berechtigungen-einfach-erklaert.html;text_Was genau für eine App „normal”ist muss im Einzelfall untersucht werden. Im Playstore kann man bei einem Eintrag einer App ganz nach unten scrollen und sich unter dem Punkt “Berechtigungsdetails” die genauen Informationen durchlesen. Nun bleibt es einem oft selbst überlassen, sich zu überlegen, ob die eingeforderten Permissions verhältnismäßig sind.;;;;;;;;
Berechtigungen;Permission denied x;0;0;1;0;text_In der folgenden Lektion stellen wir dir ein paar Möglichkeiten vor, wie du unnötige Berechtigungen von Apps aufheben kannst.
Interessiert? Na dann los!;text_Unter “Einstellungen” - “App-Berechtigungen” lassen sich ab Android 6.0 Marshmallow nun gezielt Berechtigungen entziehen. Für ältere Versionen kannst du dir die App “App-Ops” herunterladen. Alternativ kann man sein Handy auch rooten und weitere Einstellungen vornehmen.;;;;;;;;;;
Berechtigungen;Permission Precision;3600000;0;1;4;Quiz4_1_Kannst du die Berechtigungen von Apps einschränken?_Nur wenn ich mein Handy roote_false_Ja, auch dafür gibt es Einstellungen und Apps_true_Apps benötigen generell keine Berechtigungen_false_Apps benötigen keine Berechtigungen_false;Quiz4_1_Welche Berechtigungen verbergen sich hinter der Berechtigungs-Gruppe “Sonstiges”?_SMS versenden_false_Alle Berechtigungen, die keiner anderen Kategorie zugewiesen werden können_true_Auf Kontakte zugreifen_false_Keine_false;Quiz4_2_Welche der folgenden Apps helfen dir dabei, Berechtigungen einzuschränken?_Appmania_false_Permission Friendly Apps_true_App-Topia_false_App Detective_true;Quiz4_1_Habe ich einer App bestimmte Berechtigungen eingeräumt, werden bei einem automatischen Update…_Berechtigungen bereits autorisierter Kategorien nicht erneut erwähnt_true_Erneut alle bisherigen Berechtigungen eingeholt_false_Alle neuen Berechtigungen einzeln angezeigt. Das Update wird erst durchgeführt, wenn der Nutzer die neuen Berechtigungen akzeptiert_false_Alle neuen Berechtigungen ignoriert_false;;;;;;;;
Datenschutzgesetze;Begriffsbestimmung;0;1;1;0;text_Bevor wir uns der gesetzlichen Lage zuwenden, definieren wir ein paar Begriffe aus dem Bereich Datenschutz. Zuerst unterscheiden wir zwischen zwei ähnlich wirkenden Begriffen, die jedoch ganz unterschiedliche Dinge bezeichnen.;text_(Datensicherheit)-lb-Bei Datensicherheit geht es darum, den Schutz der Daten zu gewährleisten. So möchte man verhindern, dass Unberechtigte Zugang erhalten, Daten gestohlen werden oder durch technische Ausfälle verloren gehen.;text_-Datenschutz--lb-Beim Datenschutz hingegen steht der Schutz der Privatsphäre des Menschen im Mittelpunkt. Zentral ist hierbei die “Informationelle Selbstbestimmung”. ;text_-Informationelle Selbstbestimmtheit--lb-Hiermit ist gemeint, dass das Erheben personenbezogener Daten erst einmal verboten ist. Zum Sammeln persönlicher Daten ist die Einwilligung des Betroffenen einzuholen. Unter bestimmten Umständen gibt es Ausnahmen dieser Regelungen.;;;;;;;;
Datenschutzgesetze;Data-Check;3600000;0;1;4;quiz4_2_Datenschutz ist..._Ländersache_true_Im Bundesdatenschutzgesetz geregelt_true_Explizit Teil des Grundgesetzes_false_Wichtig, aber nicht gesetzlich geregelt_false;Quiz4_4_Zu personenbezogenen Daten gehören…_Krankendaten_true_Autokennzeichen_true_Augenfarbe_true_Familienstand_true
;Quiz4_3_Wichtige Aspekte des BDSG sind..._Datenvermeidung und Datensparsamkeit_true_Regelungen zu Ausnahmen_true_Informationelle Selbstbestimmung_true_Datenüberflussgenerierung_false;quiz4_1_Wenn ich meine Einwilligung zur Erhebung meiner Daten nicht gebe, dann…_Kann dies auch nicht umgangen werden_false_Kann dies in Ausnahmefällen umgangen werden_true_Zählt dies nur im gewerblichen Bereich_false_Zählt dies nur im öffentlichen Bereich_false;;;;;;;;
Datenschutzgesetze;Einführung in die Gesetzeslage;0;0;1;0;text_In Deutschland gibt es verschiedene Gesetze. Zum einen haben die Länder ihr jeweils eigenes Landesdatenschutzgesetz, welches regelt, wie die Ämter mit personenbezogenen Daten umzugehen haben. Zum anderen gibt es das Bundesdatenschutzgesetz, welches sowohl gewerblich als auch staatlich gilt.;text_BDSG - Bundesdatenschutzgesetz-lb-
Hier wird der Datenschutz für öffentliche Stellen des Bundes und nicht-öffentliche Stellen geregelt. Geheimhaltungspflichten bleiben jedoch unberührt. Die gesamte Ausgabe ist unter folgendem Link zu finden:
https://www.gesetze-im-internet.de/bdsg_1990/index.html#BJNR029550990BJNE001302301;text_Gemäß Paragraph 6 des BDSG hat jeder das Recht Auskunft darüber zu erhalten, welche Informationen durch welche Quelle zu welchem Zweck über ihn gespeichert werden.
Dies kann jedoch durch öffentliches Interesse oder z.B. Firmeninteresse mit Begründung abgelehnt werden.;text_
Was bedeuten diese Gesetze für meinen Alltag?
Zum einen schützen sie deine Privatsphäre und den Umgang mit sensiblen, persönlichen Daten. Jedoch nur, bis wir zu ihrer Preisgabe einwilligen. Und das tun wir meist viel zu unbedacht. Nicht umsonst werden Daten in etlichen Artikeln als “Öl des 21. Jahrhunderts” betitelt. Es bleibt also eine große Eigenverantwortung bestehen: Wir selbst müssen darauf achten, wie wir unsere Daten verwalten und preisgeben.;;;;;;;;
Daily Lections;Blippy;0;-99;1;0;text_Teilst du gerne Informationen mit deinen Bekannten? Ja? Und wie sieht es mit deinen Einkäufen über deine Kreditkarte aus? Wohl eher nicht. Aber genau das macht das Tool >Blippy<.;text_Meldet man sich bei dem Dienst an, wird man zunächst nach seiner Kreditkartennummer und Zugangsdaten zu verschiedenen Online Shops (bspw. Amazon) gefragt. Danach werden alle getätigten Einkäufe auf der Website veröffentlicht. Und warum das Ganze?;text_über die Kommentarfunktion können andere Nutzer den Einkauf bewerten. Z.B., ob das Schnäppchen wirklich eins war. Oder sie können Glückwunsch und Mitleid bekunden. Wir finden: Ziemlich absurd (und in keinster Weise Privatsphäre tauglich)!;;;;;;;;;
Daily Lections;Buchempfehlung: Das Joshua-Profil;0;-99;1;0;text_Das Joshua-Profil von Sebastian Fitzek -lb- Der erfolglose Schriftsteller Max ist ein gesetzestreuer Bürger. Anders als sein Bruder Cosmo, der in der Sicherheitsverwahrung einer psychiatrischen Anstalt sitzt, hat Max sich noch niemals im Leben etwas zuschulden kommen lassen.;text_Doch in wenigen Tagen wird er eines der entsetzlichsten Verbrechen begehen, zu denen ein Mensch überhaupt fähig ist. Nur, dass er heute noch nichts davon weiß ... im Gegensatz zu denen, die ihn töten wollen, bevor es zu spät ist.;text_Viele Unternehmen erstellen Benutzerprofile ihrer Kunden für die verschiedensten Anwendungsfälle. Aber was, wenn diese Fälle auf einmal gefährlich werden? Ein spannender Thriller, der mit einem Paukenschlag darauf aufmerksam macht, welche Daten über uns gesammelt werden und wie diese genutzt werden können.;;;;;;;;;
Daily Lections;Buchempfehlung: Inside Wikileaks;0;-99;1;0;text_Inside Wikileaks: Meine Zeit bei der gefährlichsten Website der Welt von Daniel Domscheit-Berg -lb-
Das Buch ist eine Autobiografie eines ehemaligen Mitarbeiters von Wikileaks, der unter dem Pseudonym Daniel Schmitt auch als Sprecher der Website auftrat.;text_Es behandelt viele verschiedene Einblicke in die Zeit des Autors, während er bei Wikileaks tätig war und erstreckt sich von moralischen Konflikten bis hin zur Gefahr die von Wikileaks für seine Whistleblower ausgeht bis hin zur Gefahr die Wikileaks nach Außen darstellt.
Das Buch wurde auch teilweise verfilmt im gleichnamigen Film >Inside Wikileaks - Die fünfte Gewalt< und ein Blick in das eine oder andere lohnt sich defintiv.;;;;;;;;;;
Daily Lections;Edward Snowden;0;-99;1;0;text_Ein Whistleblower der, auch heute immer wieder, in aller Munde ist. Bekannt wurde der ehemalige CIA Mitarbeiter durch seine Enthüllungen von Spionage- und Überwachungstätigkeiten von Geheimdiensten weltweit. Er gab geheime Informationen an einen Journalisten vom The Guardian weiter, welcher diese nach und nach in Teilen veröffentlichte.;text_Interessant ist vor allem seine Motivation, die Informationen zu teilen. >Ich möchte nicht in einer Welt leben, in der alles, was ich tue und sage, aufgezeichnet wird. Solche Bedingungen bin ich weder bereit zu unterstützen, noch will ich unter solchen leben.< Außerdem erachtet er die Arbeit der Geheimdienste als gefährlicher, als das was sie mit ihrem Vorgehen vermeintlich verhindern wollen/würden.
;text_Wir empfehlen: https://theintercept.com/2016/03/30/edward-snowden-noam-chomsky-glenn-greenwald-a-conversation-on-privacy/;;;;;;;;;
Daily Lections;Glenn Greenwald;0;-99;1;0;text_Glenn Greenwald ist Journalist. Er arbeitete 2013 zusammen mit Edward Snowden an der Veröffentlichung geheimer Informationen verschiedener Geheimdienste, insbesondere der NSA. Seine Aufbereitung wurde im The Guardian zusammen mit einem Interview Snowdens veröffentlicht und seither zählt er als einer der Hauptakteure in diesem Zusammenhang.;text_Er ist Mitgründer des Online Mediums The Intercept, das sich hauptsächlich mit einer Weiterverarbeitung der Daten von Snowden beschäftigt. The Intercept hat es sich zur Aufgabe gemacht, die Pressefreiheit zu wahren und bearbeitet vor allem riskante Themen wie Korruption, Verletzung von Bürgerrechten sowie Justizmissbrauch.;;;;;;;;;;
Daily Lections;Hillary Clintons E-Mail Affaire;0;-99;2;0;text_Sie hat die Wahl verloren. Viele Menschen aus der ganzen Welt bedauern dies. Ein vermeintlicher Hauptgrund, dass Hillary Clinton nicht die neue Präsidentin der Vereinigten Staaten von Amerika wird, ist wahrscheinlich die E-Mail Affaire. Aber was verbirgt sich eigentlich dahinter und warum ist es so relevant?;text_Als Außenministerin hat Hillary Clinton eine private E-Mail Adresse verwendet, um zu kommunizieren. Auch für ihr Amt. Ein Problem ist das, da die E-Mails sogar von einem privaten Server kommen, dass nicht ausgeschlossen werden kann, dass sie so relevante Informationen verheimlichen kann.;text_Wären die E-Mails über einen behördlichen Server gelaufen, könnte sichergestellt werden, dass nichts unrechtes mit den Mails passiert ist. Dies ist aber nicht der Fall. Doch direkt angreifbar macht sich Clinton damit auch nicht, denn während ihrer Amtszeit gab es noch kein verbindliches Gesetz zur Offenlegung der Kommunikation, lediglich eine Übermittlung zur externen Sicherung an die Behörde war verpflichtend.;text_ Im Wahlkampf haben es sich vor allem politische Gegner zur Aufgabe gemacht, diese E-Mails zu durchsuchen um kritisches Material aufzuspüren. Wikileaks zum Beispiel veröffentlichte ihre Mails und machte sie so öffentlich zugänglich. Im Wahlkampf plädierte Trump dagegen immer wieder, er würde alles von sich preisgeben und kritisierte Clinton für ihr >Vergehen< hart.;;;;;;;;
Daily Lections;Julian Assange;0;-99;1;0;text_Julian Assange ist ein Name, den man vor allem mit einem verbindet: Wikileaks.-lb- Assange ist Australier, lebt aber zur Zeit in London in der Botschaft von Ecuador. Dort hat er Mitte 2012 um politisches Asyl gebeten, da er von England an Schweden ausgeliefert worden wäre, nachdem dort Vergewaltigungsvorwürfe gegen ihn erhoben wurden.;text_Auch in den USA gibt es einen Haftbefehl gegen ihn, ein weiterer Grund weshalb er sich politisches Asyl sicherte. Die USA stufen ihn als Bedrohung der nationalen Sicherheit ein. Dies ist dem geschuldet, dass Assange zusammen mit Wikileaks viele geheime Dokumente veröffentlicht hat, insbesondere solche der US Armee und - Behörden.;text_Viele diese Dokumente enthielten kritische Inhalte zum Thema Krieg im  Irak und in Afghanistan. Als politischer Aktivist vertritt er Transparenz, Verantwortung und Gerechtigkeit.;;;;;;;;;
Daily Lections;Noam Chomsky;0;-99;1;0;text_Mit Noam Chomsky schließt sich der Kreis um die Personen, die an der Debatte >A Conversation on Privacy< teilgenommen haben. Wenn du dir das Video angeschaut hast, das wir zu Edward Snowden empfohlen haben, bist du bestens vorbereitet. Noam Chomsky hat an dieser Gesprächsrunde ebenfalls teilgenommen, ebenso wie Glenn Greenwald.;text_ Die Themen dieser Diskussion lagen auf dem Spagat zwischen nationaler Sicherheit und dem Eingriff von Regierungen in die Privatsphäre seiner Bürger. Was hat Chomsky damit zu tun?;text_Noam Chomsky ist ein sehr populärer Linguist und hat unter anderem mit seiner Theorie der Universalsprache einige Lehren ins wanken gebracht, insbesondere den Behaviorismus. Er ist ein bekennender Gegner der US-Politik. Insbesondere ist er sogar bei der CIA aktenkundig, da er sehr offen mit seiner liberalen Meinung um geht.;;;;;;;;;
Daily Lections;Open Source;0;-99;1;0;text_Bestimmt hast du schon einmal davon gehört: das Betriebssystem Android ist Open Source. -lb-
Aber was bedeutet das eigentlich?;text_Wörtlich übersetzt bedeutet Open Source offene Quelle und steht in der Softwareentwicklung für Programme, deren Quellcode für jeden zugänglich ist. Das bedeutet, jeder kann den Quellcode einsehen und gegebenenfalls sogar bearbeiten, weiterverwenden etc.;text_Open Source ist allerdings nicht nur ein Begriff der Softwareentwicklung. Es gibt viele Open Bewegungen. Das bekannteste Beispiel ist wohl Wikipedia. Auch wenn es hier nicht um Software geht, folgt es dem gleichen Gedanken. Offene Informationen für alle. Jeder kann lesen und bearbeiten.;;;;;;;;;
Daily Lections;Privacy Paradox;0;-99;1;0;text_Keine Ahnung was das ist? Macht nichts, wir erklären es! Du nutzt sicher einige Apps, Programme, soziale Medien etc.. Manchmal merkst du überhaupt nicht, welche Daten diese Dienste von dir fordern und speichern und sicherlich ärgert dich diese Erkenntnis. Niemals würdest du sensible Daten freiwillig preisgeben, immerhin ist dir deine Privatsphäre ja wichtig!;text_Genauso wichtig ist es aber auch, in facebook mal seinen Standort zu teilen, mit Whatsapp zu telefonieren oder Ähnliches? Viele Dienste sind einfach zu hilfreich und aus der täglichen Nutzung nicht mehr wegzudenken. Genau diesen Zwiespalt beschreibt das Privacy Paradox.;;;;;;;;;;
Daily Lections;Sascha Lobo;0;-99;1;0;text_Schrill, auffällig, direkt, ehrlich. Adjektive, die auf Sascha Lobo zutreffen. Seit 2011 erscheint seine Kolumne S.P.O.N - Die Mensch-Maschine wöchentlich beim Spiegel, er ist Pirat erster Minuten und ist einer der bekanntesten Autoren zu den Themen Internet und digitalen Technologien.;text_Insbesondere beschäftigt er sich mit der Auswirkung dieser Themen auf die Gesellschaft. Mit seine Artikel und Publikationen polarisiert er häufig, denn sein offener, selbstironischer Stil gefällt nicht jedem. Wir haben dir einen interessanten Artikel verlinkt!
http://www.spiegel.de/netzwelt/web/zugriff-auf-daten-bequemlichkeit-schlaegt-sicherheit-kolumne-a-1114091.html;;;;;;;;;;
Daily Lections;Schnüffeln verboten;0;-99;1;0;text_Du möchtest mehr über die Ausnutzung von App-Berechtigungen erfahren? Hier ein kleiner Artikel der ZEIT ONLINE zu diesem Thema!
http://www.zeit.de/2014/19/schnueffel-apps-datenschutz-klagen;;;;;;;;;;;
Daily Lections;Serienempfehlung: Person of Interest;0;-99;1;0;text_Eine künstliche Intelligenz, die Daten aus Überwachungssystemen analysiert und dazu nutzt, präzise Vorhersagen bezüglich kommender Ereignisse zu treffen. Ein schmaler Grad zwischen legal und illegal, moralisch und unmoralisch.;text_Verbrechen, korrupte Polizisten und ein Gutmensch. Die Kombination ergibt eine packende, interessante und nachdenklich machende Serie über Spionage, Big Data, künstliche Intelligenz und die Anfänge eines Überwachungsstaates.;;;;;;;;;;
Daily Lections;TrueCrypt;0;-99;1;0;text_Hast du dir schon einmal Gedanken darüber gemacht, dass deine Daten (falls du einen Windows Rechner nutzt) nur durch dein Passwort des Windows Benutzerkontos geschützt sind (wenn du dies überhaupt eingerichtet hast). Falls nicht, ist es auf jeden Fall an der Zeit! Ein einfaches und effektives Tool hierfür ist TrueCrypt.;text_Es ist ein Verschlüsselungs-Werkzeug und verfügt über umfangreiche Möglichkeiten, seine Daten vor Zugriffen zu schtzen. Es lassen sich einzelne Dateien, Partitionen, Laufwerke und Ordner verschlüsseln. Zusätzlich lässt sich das ganze System vor unbefugtem Zutritt sichern, indem das Betriebssystem nur mit korrektem Passwort startet.;;;;;;;;;;
Daily Lections;Wahlkampf Big Data;0;-99;2;0;text_Am 8. November 2016 haben die USA Donald Trump zu ihrem neuen Präsidenten gewählt. Für viele ein riesiger Schock und unbegreiflich. Sah es doch zunächst in allen Prognosen so aus, als würde sich seine Rivalin Hillary Clinton durchsetzen und damit hätten sich die meisten sicherlich anfreunden können.;text_Einen guten Monat später geht ein Aufschrei durch die Presse. Trump hat wohl die Firma Cambridge Analytica für sich arbeiten lassen und sein Erfolg bei der Wahl scheint eng hiermit verknüpft zu sein. Cambridge Analytica hat mithilfe von Big Data psychologische Nutzerprofile für Wähler erstellt und darauf aufbauend passende Trump Werbung geschaltet.;text_Wähler haben das zu sehen bekommen, was sie wollten. Ob das Manipulation ist, muss jeder für sich selbst entscheiden? Fakt ist: Cambridge Analytica war auch an der Brexit-Kampagne beteiligt.;text_P.S. Big Data bezeichnet Datenmengen, die sehr schnell wachsen und unendlich groß sind. Sie sind zu komplex um sie herkömmlich zu analysieren, schafft man dies jedoch, können sehr viele Informationen aus ihnen erschlossen werden.;;;;;;;;
Daily Lections;Zitat: Tim Cook;0;-99;1;0;text_Wenn Sie für die Polizei einen Schlüssel unter die Fußmatte legen, kann ihn auch ein Einbrecher dort finden. Kriminelle verwenden jede Technologie, die ihnen zur Verfügung steht, um sich in die Konten der Menschen zu hacken. Wenn sie wissen, dass irgendwo ein Schlüssel versteckt ist, werden sie nicht ruhen, bis sie diesen gefunden haben.;text_Aus einer Rede zu Privatsphäre und Sicherheit von Tim Cook, CEO von Apple, 2015;;;;;;;;;;
